volatility,max_drawdown,hurst,recovery_time,trend_return,trend_stability,liquidity,gap_frequency,noise_ratio,ticker,improvement,dca_final,va_final,dca_invested,va_invested,pred_improvement,rank
0.3157355387478478,-0.41674178470404083,0.43249798076047674,1.4455852156057496,0.11574745666540145,0.6963499233560702,17.01846027292436,0.11292962356792144,0.9186573884091318,7203.T,0.0949299904158657,7983926.200143236,6725637.731693888,6000000.0,4616170.656568909,0.09337758,★★★☆☆
0.3328386875344031,-0.3978496060864913,0.3881117482240412,1.7796030116358659,0.11003446296659967,0.6776946798957686,16.58446775669739,0.11783960720130933,0.9287075476688972,6758.T,0.08286793059150213,8435126.204700582,7079820.914614647,6000000.0,4650572.783764303,0.083103016,★★★☆☆
0.5443747703457948,-0.5079229840227508,0.4980479958496168,0.29568788501026694,0.2337910118950134,0.7331304242049875,17.643604000005922,0.2569558101472995,0.9232474668696834,9984.T,0.2558118715694118,16960241.4120772,13466692.00308696,6000000.0,3793635.178608647,0.25572672,★★★★★
0.31285950792948286,-0.3184679076583152,0.40110662799731306,0.27652292950034224,0.4090121715337951,0.9765806511720172,17.774777790359334,0.088379705400982,0.9281956491869566,8306.T,0.733832486199181,20882750.909039095,9983868.944756046,6000000.0,1654456.2138046895,0.7335674,★★★★★
0.16817684825834536,-0.2370139725970876,0.4416670727930425,1.3141683778234086,0.09205643203239891,0.4438849678278123,18.833187673469464,0.013911620294599018,0.9450682135159904,9432.T,0.008034942509591783,6509800.993235398,6403360.951242293,6000000.0,5854852.179153721,0.009125946,★☆☆☆☆
0.1913033311629319,-0.19388794567062817,0.45574209906093216,0.15879534565366188,0.12908333607201294,0.8302111911241083,15.250166658159337,0.018821603927986905,0.9256419661370331,4502.T,0.05949321887513114,8918810.662249606,6961239.014517784,6000000.0,4420105.85450262,0.05939895,★★☆☆☆
0.37742516642776713,-0.3870030856248241,0.3715505679987426,0.29021218343600275,0.31639902555304955,0.9376153711199524,16.361355584264125,0.1530278232405892,0.9284375227548923,6501.T,0.6644819231418911,15959902.803471658,8065372.486806909,6000000.0,1821655.9418823104,0.6645515,★★★★★
0.3150805892080935,-0.43118070134419806,0.43382029118807325,1.3141683778234086,0.02514422603595165,0.16765512241156955,15.639350082060595,0.09656301145662848,0.9189180189773181,6902.T,0.041768911022782414,6051772.561974949,6256615.878107458,6000000.0,5954382.807793268,0.04189264,★☆☆☆☆
0.4707099208125754,-0.5584561892175421,0.49417920900271256,0.7693360711841205,0.28699082318087044,0.6456592384791704,15.074965655557888,0.24386252045826515,0.9286228504143748,8035.T,0.2294929272941304,16190147.292711303,13883864.964100137,6000000.0,4184897.2246593484,0.22941323,★★★★☆
0.41572366525205556,-0.49768679843758257,0.5485387066510249,0.8733744010951403,0.1714798689742209,0.21752124223573144,15.642717766237338,0.14332514332514332,0.946482612329832,6981.T,0.13179103043061544,14416793.537814315,15599032.555162672,6000000.0,5736063.9965635035,0.13164307,★★★★☆
0.3270636673996872,-0.5401014019501571,0.47101238904209825,0.09582477754962354,0.0878034412957838,0.720473894414075,15.444457132922517,0.1072013093289689,0.9252792523844744,7974.T,0.05370477886343705,6901568.100457981,6625787.9656160455,6000000.0,5466659.912181209,0.054478355,★★☆☆☆
0.34191622938606964,-0.4706621303304297,0.4009735667673435,0.944558521560575,0.11832891694044766,0.60365814798614,15.59938922172679,0.1309328968903437,0.9179250888706965,4063.T,0.10831659515966664,8215807.499700981,6698759.887944562,6000000.0,4413992.291709547,0.10906576,★★★☆☆
0.41517161089232896,-0.5805514910528453,0.5255465691738854,1.2210814510609171,0.16700618421461122,0.46365311732433456,15.284513531611925,0.18985270049099837,0.9348147859492065,6098.T,0.17302826873113167,12380702.543949118,10495004.520597246,6000000.0,4335908.538505763,0.17321514,★★★★☆
0.1986075531539657,-0.1677280687622988,0.4103805545868282,0.39698836413415467,0.14664956250748587,0.9010511727787329,15.905026308962638,0.027004909983633387,0.9295793214963813,9433.T,0.052404232638593916,8588934.158970235,6650196.232339091,6000000.0,4414320.393717461,0.05243529,★★☆☆☆
0.35515174808265815,-0.3391351813498457,0.4150918774410899,0.010951403148528405,0.1312512095866448,0.8468008455293713,14.607779282208442,0.12274959083469722,0.9178450108361641,4519.T,0.2666100695306331,8961818.590415953,5704985.578903996,6000000.0,3015551.268887337,0.26627004,★★★★★
0.5564007567383226,-0.5136784134693162,0.4943948727721024,0.2190280629705681,0.5374069989485818,0.8982125641948296,16.13317153655576,0.32978723404255317,0.948034579745024,6857.T,0.9533813050497003,47536684.59389727,28285086.551771004,6000000.0,1827649.2244676845,0.9520216,★★★★★
0.5236242081871496,-0.6515803128696702,0.4821376212753719,0.7939767282683093,0.367879388419465,0.8517528729144885,14.288634937599019,0.2823240589198036,0.9523330317695614,6146.T,0.836959369555271,17279166.858820453,9284306.325030832,6000000.0,1755005.017430606,0.8367073,★★★★★
0.4174557670580791,-0.5216014276573551,0.47653221907725873,0.10130047912388775,0.0297912069270248,0.07479933111440784,14.491435788414314,0.16448445171849427,0.9065885826728798,3659.T,0.1198168124553095,5878451.5341797015,6890464.212211297,6000000.0,6280436.173435074,0.11999591,★★★☆☆
0.3822124466727503,-0.6470743567955878,0.448727798636889,3.0937713894592744,-0.0767024815408421,0.001201021580563233,16.45626651552246,0.1497545008183306,0.9223141361908396,4755.T,0.0722179493504182,6415367.4044971885,6800492.624208591,6000000.0,5931807.077618991,0.07332478,★★☆☆☆
0.5145149219054967,-0.7721994535519126,0.537062921955113,1.541409993155373,-0.06272223906054526,0.0784601337346017,15.250547701178704,0.281505728314239,0.9384481417064182,4385.T,0.12726459542689772,9550825.8724069,10500000.0,6000000.0,5851588.195448817,0.12753947,★★★☆☆
0.4965796015841208,-0.716468620000736,0.46811827608036555,0.2026009582477755,-0.13742968301116276,0.44312964770447305,11.489667073393028,0.2553191489361702,0.927453533411345,3900.T,0.23169779077951588,3724800.5565892756,7177474.402730376,6000000.0,9386760.05902588,0.23095863,★★★★☆
0.34362610854943043,-0.3323488852582501,0.3948158937002779,1.842573579739904,0.14615272928090123,0.817475772271956,15.542376065115333,0.1260229132569558,0.9302345868476406,6702.T,0.1472261028841888,9856244.065371992,6833626.016260163,6000000.0,3626118.4681667723,0.1471537,★★★★☆
0.2931769494064262,-0.3439969055507825,0.39283100120217535,1.0677618069815196,0.08437321910327968,0.3798646741352587,15.468735855797824,0.08019639934533551,0.9156128604848258,4188.T,0.06694133710578527,9182726.791178344,8034523.3424872495,6000000.0,4920385.867967245,0.06505065,★★☆☆☆
0.28123079223565406,-0.25481569220643424,0.41470697855056454,0.31485284052019163,0.17508441283809856,0.7318380318476629,17.224014547899536,0.07774140752864157,0.9178368865147586,5401.T,0.04020660789612715,8865552.04364632,7367231.638418078,6000000.0,4793251.132208458,0.040817566,★☆☆☆☆
0.3120905210415065,-0.34183434584200845,0.40839444869176705,1.6125941136208077,0.10430140655434136,0.6605763444544582,16.514217311355818,0.09492635024549918,0.9165511597614607,7267.T,0.05698733121321597,8077950.9071343085,7458455.445544554,6000000.0,5241181.008271987,0.05743999,★★☆☆☆
0.22396491639493785,-0.26154367190606975,0.36554918600487846,0.6187542778918549,0.05331254787977224,0.41309093567712774,14.67234890568288,0.045008183306055646,0.9341677561242527,9202.T,0.01748714643071473,6831947.699606248,6650894.99907732,6000000.0,5740607.805387423,0.017930524,★☆☆☆☆
0.2554081251258463,-0.3159073377006276,0.39503657371459905,0.5229295003422314,0.07526949003190815,0.5469319887874275,14.958235740199399,0.060556464811783964,0.9331560350938107,9201.T,0.03014134161243281,7229304.7945316555,6760546.102097348,6000000.0,5446778.030437494,0.030168982,★☆☆☆☆
0.3264088365421791,-0.3344783743150274,0.4131569293383618,0.2929500342231348,0.3783091941345363,0.9622569933800575,16.063512846798027,0.09328968903436989,0.9289830034649627,8411.T,0.5465989601923963,22105185.115856044,11121114.6410001,6000000.0,1951765.774113173,0.54683715,★★★★★
0.2918114513980462,-0.29204575815247663,0.40801602119532804,1.3086926762491444,0.07001993977804515,0.59545565603495,15.669399555284748,0.06955810147299508,0.9043165047945282,3382.T,0.04354949112338632,6739528.738233209,6776635.768811341,6000000.0,5781264.162414477,0.043615326,★☆☆☆☆
0.22560543660200694,-0.24959781841917675,0.4136178113625984,0.29568788501026694,0.19101370433058767,0.8630033841134797,12.522282041830579,0.03521703521703522,0.9398666883295717,1321.T,0.13325010894349676,11723148.9549679,8235814.023138836,6000000.0,3719527.1127359085,0.13327205,★★★★☆
1.5121739232017812,-0.9100944090563424,0.03402418048524478,0.11772758384668036,0.17377703913671613,0.8149071081108145,16.62050602563001,0.02618657937806874,0.7461792862737892,1306.T,0.13137922181245873,10614562.889833387,7041791.4890095685,6000000.0,3518228.9556361055,0.13157424,★★★☆☆
